<?xml version="1.0" encoding="UTF-8" standalone="yes"?>
<manifest>
  <control namespace="TextCounterControlPCF" constructor="TextCounterControl" version="0.0.1" display-name-key="TextCounterControl" description-key="TextCounterControl Counts Maximum length of a field restrcited to." control-type="standard" api-version="1.3.14">
    <external-service-usage enabled="false"/>
    <property name="commentField" display-name-key="comment_Display_Key" description-key="comment_Desc_Key" of-type="SingleLine.Text" usage="bound" required="true"/>
    <property name="wordLimit" display-name-key="wordLimit_Display_Key" description-key="wordLimit_Desc_Key" of-type="Whole.None" usage="input" required="true" default-value="500"/>
    <resources>
      <code path="bundle.js" order="1"/>
    </resources>
    <built-by name="pac" version="1.33.3"/>
  </control>
</manifest>